FCID,Lane,SampleID,SampleRef,Index,Description,Control,Recipe,Operator,SampleProject
C0UTRACXX,1,Replicate1_CellType1_Condition1,hg19,ATCACG,Replicate1_CellType1_Condition1,N,PE,user,A
C0UTRACXX,1,Replicate1_CellType1_Condition3,hg19,TTAGGC,Replicate1_CellType1_Condition3,N,PE,user,A
C0UTRACXX,1,Replicate1_CellType1_Condition4,hg19,ACTTGA,Replicate1_CellType1_Condition4,N,PE,user,A
C0UTRACXX,1,Replicate1_CellType1_Condition6,hg19,GATCAG,Replicate1_CellType1_Condition6,N,PE,user,A
C0UTRACXX,1,Replicate1_CellType1_Condition7,hg19,TAGCTT,Replicate1_CellType1_Condition7,N,PE,user,A
C0UTRACXX,1,Replicate1_CellType1_Condition5,hg19,GGCTAC,Replicate1_CellType1_Condition5,N,PE,user,A
C0UTRACXX,1,Replicate1_CellType1_Condition2,hg19,GTGGCC,Replicate1_CellType1_Condition2,N,PE,user,A
C0UTRACXX,1,Replicate2_CellType1_Condition1,hg19,GTTTCG,Replicate2_CellType1_Condition1,N,PE,user,A
C0UTRACXX,1,Replicate2_CellType1_Condition3,hg19,CGTACG,Replicate2_CellType1_Condition3,N,PE,user,A
C0UTRACXX,1,Replicate2_CellType1_Condition4,hg19,GAGTGG,Replicate2_CellType1_Condition4,N,PE,user,A
C0UTRACXX,1,Replicate2_CellType1_Condition6,hg19,ACTGAT,Replicate2_CellType1_Condition6,N,PE,user,A
C0UTRACXX,1,Replicate2_CellType1_Condition7,hg19,ATTCCT,Replicate2_CellType1_Condition7,N,PE,user,A
C0UTRACXX,1,Replicate2_CellType1_Condition5,hg19,CGATGT,Replicate2_CellType1_Condition5,N,PE,user,A
C0UTRACXX,1,Replicate2_CellType1_Condition2,hg19,TGACCA,Replicate2_CellType1_Condition2,N,PE,user,A
C0UTRACXX,1,Replicate3_CellType1_Condition1,hg19,ACAGTG,Replicate3_CellType1_Condition1,N,PE,user,A
C0UTRACXX,1,Replicate3_CellType1_Condition3,hg19,GCCAAT,Replicate3_CellType1_Condition3,N,PE,user,A
C0UTRACXX,1,Replicate3_CellType1_Condition4,hg19,CTTGTA,Replicate3_CellType1_Condition4,N,PE,user,A
C0UTRACXX,1,Replicate3_CellType1_Condition6,hg19,AGTCAA,Replicate3_CellType1_Condition6,N,PE,user,A
C0UTRACXX,1,Replicate3_CellType1_Condition7,hg19,AGTTCC,Replicate3_CellType1_Condition7,N,PE,user,A
C0UTRACXX,1,Replicate3_CellType1_Condition5,hg19,ATGTCA,Replicate3_CellType1_Condition5,N,PE,user,A
C0UTRACXX,1,Replicate3_CellType1_Condition2,hg19,CCGTCC,Replicate3_CellType1_Condition2,N,PE,user,A
C0UTRACXX,1,Index_7,hg19,CAGATC,Index_7,N,PE,user,A
C0UTRACXX,1,Index_18,hg19,GTCCGC,Index_18,N,PE,user,A
C0UTRACXX,1,Index_19,hg19,GTGAAA,Index_19,N,PE,user,A
C0UTRACXX,2,Replicate1_CellType2_Condition1,hg19,ATCACG,Replicate1_CellType2_Condition1,N,PE,user,A
C0UTRACXX,2,Replicate1_CellType2_Condition3,hg19,TTAGGC,Replicate1_CellType2_Condition3,N,PE,user,A
C0UTRACXX,2,Replicate1_CellType2_Condition4,hg19,ACTTGA,Replicate1_CellType2_Condition4,N,PE,user,A
C0UTRACXX,2,Replicate1_CellType2_Condition6,hg19,GATCAG,Replicate1_CellType2_Condition6,N,PE,user,A
C0UTRACXX,2,Replicate1_CellType2_Condition7,hg19,TAGCTT,Replicate1_CellType2_Condition7,N,PE,user,A
C0UTRACXX,2,Replicate1_CellType2_Condition5,hg19,GGCTAC,Replicate1_CellType2_Condition5,N,PE,user,A
C0UTRACXX,2,Replicate1_CellType2_Condition2,hg19,GTGGCC,Replicate1_CellType2_Condition2,N,PE,user,A
C0UTRACXX,2,Replicate2_CellType2_Condition1,hg19,GTTTCG,Replicate2_CellType2_Condition1,N,PE,user,A
C0UTRACXX,2,Replicate2_CellType2_Condition3,hg19,CGTACG,Replicate2_CellType2_Condition3,N,PE,user,A
C0UTRACXX,2,Replicate2_CellType2_Condition4,hg19,GAGTGG,Replicate2_CellType2_Condition4,N,PE,user,A
C0UTRACXX,2,Replicate2_CellType2_Condition6,hg19,ACTGAT,Replicate2_CellType2_Condition6,N,PE,user,A
C0UTRACXX,2,Replicate2_CellType2_Condition7,hg19,ATTCCT,Replicate2_CellType2_Condition7,N,PE,user,A
C0UTRACXX,2,Replicate2_CellType2_Condition5,hg19,CGATGT,Replicate2_CellType2_Condition5,N,PE,user,A
C0UTRACXX,2,Replicate2_CellType2_Condition2,hg19,TGACCA,Replicate2_CellType2_Condition2,N,PE,user,A
C0UTRACXX,2,Replicate3_CellType2_Condition1,hg19,ACAGTG,Replicate3_CellType2_Condition1,N,PE,user,A
C0UTRACXX,2,Replicate3_CellType2_Condition3,hg19,GCCAAT,Replicate3_CellType2_Condition3,N,PE,user,A
C0UTRACXX,2,Replicate3_CellType2_Condition4,hg19,CTTGTA,Replicate3_CellType2_Condition4,N,PE,user,A
C0UTRACXX,2,Replicate3_CellType2_Condition6,hg19,AGTCAA,Replicate3_CellType2_Condition6,N,PE,user,A
C0UTRACXX,2,Replicate3_CellType2_Condition7,hg19,AGTTCC,Replicate3_CellType2_Condition7,N,PE,user,A
C0UTRACXX,2,Replicate3_CellType2_Condition5,hg19,ATGTCA,Replicate3_CellType2_Condition5,N,PE,user,A
C0UTRACXX,2,Replicate3_CellType2_Condition2,hg19,CAGATC,Replicate3_CellType2_Condition2,N,PE,user,A
C0UTRACXX,2,Index_16,hg19,CCGTCC,Index_16,N,PE,user,A
C0UTRACXX,2,Index_18,hg19,GTCCGC,Index_18,N,PE,user,A
C0UTRACXX,2,Index_19,hg19,GTGAAA,Index_19,N,PE,user,A
C0UTRACXX,3,Replicate1_CellType1_Condition1,hg19,ATCACG,Replicate1_CellType1_Condition1,N,PE,user,A
C0UTRACXX,3,Replicate1_CellType1_Condition3,hg19,TTAGGC,Replicate1_CellType1_Condition3,N,PE,user,A
C0UTRACXX,3,Replicate1_CellType1_Condition4,hg19,ACTTGA,Replicate1_CellType1_Condition4,N,PE,user,A
C0UTRACXX,3,Replicate1_CellType1_Condition6,hg19,GATCAG,Replicate1_CellType1_Condition6,N,PE,user,A
C0UTRACXX,3,Replicate1_CellType1_Condition7,hg19,TAGCTT,Replicate1_CellType1_Condition7,N,PE,user,A
C0UTRACXX,3,Replicate1_CellType1_Condition5,hg19,GGCTAC,Replicate1_CellType1_Condition5,N,PE,user,A
C0UTRACXX,3,Replicate1_CellType1_Condition2,hg19,GTGGCC,Replicate1_CellType1_Condition2,N,PE,user,A
C0UTRACXX,3,Replicate2_CellType1_Condition1,hg19,GTTTCG,Replicate2_CellType1_Condition1,N,PE,user,A
C0UTRACXX,3,Replicate2_CellType1_Condition3,hg19,CGTACG,Replicate2_CellType1_Condition3,N,PE,user,A
C0UTRACXX,3,Replicate2_CellType1_Condition4,hg19,GAGTGG,Replicate2_CellType1_Condition4,N,PE,user,A
C0UTRACXX,3,Replicate2_CellType1_Condition6,hg19,ACTGAT,Replicate2_CellType1_Condition6,N,PE,user,A
C0UTRACXX,3,Replicate2_CellType1_Condition7,hg19,ATTCCT,Replicate2_CellType1_Condition7,N,PE,user,A
C0UTRACXX,3,Replicate2_CellType1_Condition5,hg19,CGATGT,Replicate2_CellType1_Condition5,N,PE,user,A
C0UTRACXX,3,Replicate2_CellType1_Condition2,hg19,TGACCA,Replicate2_CellType1_Condition2,N,PE,user,A
C0UTRACXX,3,Replicate3_CellType1_Condition1,hg19,ACAGTG,Replicate3_CellType1_Condition1,N,PE,user,A
C0UTRACXX,3,Replicate3_CellType1_Condition3,hg19,GCCAAT,Replicate3_CellType1_Condition3,N,PE,user,A
C0UTRACXX,3,Replicate3_CellType1_Condition4,hg19,CTTGTA,Replicate3_CellType1_Condition4,N,PE,user,A
C0UTRACXX,3,Replicate3_CellType1_Condition6,hg19,AGTCAA,Replicate3_CellType1_Condition6,N,PE,user,A
C0UTRACXX,3,Replicate3_CellType1_Condition7,hg19,AGTTCC,Replicate3_CellType1_Condition7,N,PE,user,A
C0UTRACXX,3,Replicate3_CellType1_Condition5,hg19,ATGTCA,Replicate3_CellType1_Condition5,N,PE,user,A
C0UTRACXX,3,Replicate3_CellType1_Condition2,hg19,CCGTCC,Replicate3_CellType1_Condition2,N,PE,user,A
C0UTRACXX,3,Index_7,hg19,CAGATC,Index_7,N,PE,user,A
C0UTRACXX,3,Index_18,hg19,GTCCGC,Index_18,N,PE,user,A
C0UTRACXX,3,Index_19,hg19,GTGAAA,Index_19,N,PE,user,A
C0UTRACXX,4,Replicate1_CellType2_Condition1,hg19,ATCACG,Replicate1_CellType2_Condition1,N,PE,user,A
C0UTRACXX,4,Replicate1_CellType2_Condition3,hg19,TTAGGC,Replicate1_CellType2_Condition3,N,PE,user,A
C0UTRACXX,4,Replicate1_CellType2_Condition4,hg19,ACTTGA,Replicate1_CellType2_Condition4,N,PE,user,A
C0UTRACXX,4,Replicate1_CellType2_Condition6,hg19,GATCAG,Replicate1_CellType2_Condition6,N,PE,user,A
C0UTRACXX,4,Replicate1_CellType2_Condition7,hg19,TAGCTT,Replicate1_CellType2_Condition7,N,PE,user,A
C0UTRACXX,4,Replicate1_CellType2_Condition5,hg19,GGCTAC,Replicate1_CellType2_Condition5,N,PE,user,A
C0UTRACXX,4,Replicate1_CellType2_Condition2,hg19,GTGGCC,Replicate1_CellType2_Condition2,N,PE,user,A
C0UTRACXX,4,Replicate2_CellType2_Condition1,hg19,GTTTCG,Replicate2_CellType2_Condition1,N,PE,user,A
C0UTRACXX,4,Replicate2_CellType2_Condition3,hg19,CGTACG,Replicate2_CellType2_Condition3,N,PE,user,A
C0UTRACXX,4,Replicate2_CellType2_Condition4,hg19,GAGTGG,Replicate2_CellType2_Condition4,N,PE,user,A
C0UTRACXX,4,Replicate2_CellType2_Condition6,hg19,ACTGAT,Replicate2_CellType2_Condition6,N,PE,user,A
C0UTRACXX,4,Replicate2_CellType2_Condition7,hg19,ATTCCT,Replicate2_CellType2_Condition7,N,PE,user,A
C0UTRACXX,4,Replicate2_CellType2_Condition5,hg19,CGATGT,Replicate2_CellType2_Condition5,N,PE,user,A
C0UTRACXX,4,Replicate2_CellType2_Condition2,hg19,TGACCA,Replicate2_CellType2_Condition2,N,PE,user,A
C0UTRACXX,4,Replicate3_CellType2_Condition1,hg19,ACAGTG,Replicate3_CellType2_Condition1,N,PE,user,A
C0UTRACXX,4,Replicate3_CellType2_Condition3,hg19,GCCAAT,Replicate3_CellType2_Condition3,N,PE,user,A
C0UTRACXX,4,Replicate3_CellType2_Condition4,hg19,CTTGTA,Replicate3_CellType2_Condition4,N,PE,user,A
C0UTRACXX,4,Replicate3_CellType2_Condition6,hg19,AGTCAA,Replicate3_CellType2_Condition6,N,PE,user,A
C0UTRACXX,4,Replicate3_CellType2_Condition7,hg19,AGTTCC,Replicate3_CellType2_Condition7,N,PE,user,A
C0UTRACXX,4,Replicate3_CellType2_Condition5,hg19,ATGTCA,Replicate3_CellType2_Condition5,N,PE,user,A
C0UTRACXX,4,Replicate3_CellType2_Condition2,hg19,CAGATC,Replicate3_CellType2_Condition2,N,PE,user,A
C0UTRACXX,4,Index_16,hg19,CCGTCC,Index_16,N,PE,user,A
C0UTRACXX,4,Index_18,hg19,GTCCGC,Index_18,N,PE,user,A
C0UTRACXX,4,Index_19,hg19,GTGAAA,Index_19,N,PE,user,A
C0UTRACXX,5,Replicate1_CellType2_Condition1,hg19,ATCACG,Replicate1_CellType2_Condition1,N,PE,user,A
C0UTRACXX,5,Replicate1_CellType2_Condition3,hg19,TTAGGC,Replicate1_CellType2_Condition3,N,PE,user,A
C0UTRACXX,5,Replicate1_CellType2_Condition4,hg19,ACTTGA,Replicate1_CellType2_Condition4,N,PE,user,A
C0UTRACXX,5,Replicate1_CellType2_Condition6,hg19,GATCAG,Replicate1_CellType2_Condition6,N,PE,user,A
C0UTRACXX,5,Replicate1_CellType2_Condition7,hg19,TAGCTT,Replicate1_CellType2_Condition7,N,PE,user,A
C0UTRACXX,5,Replicate1_CellType2_Condition5,hg19,GGCTAC,Replicate1_CellType2_Condition5,N,PE,user,A
C0UTRACXX,5,Replicate1_CellType2_Condition2,hg19,GTGGCC,Replicate1_CellType2_Condition2,N,PE,user,A
C0UTRACXX,5,Replicate2_CellType2_Condition1,hg19,GTTTCG,Replicate2_CellType2_Condition1,N,PE,user,A
C0UTRACXX,5,Replicate2_CellType2_Condition3,hg19,CGTACG,Replicate2_CellType2_Condition3,N,PE,user,A
C0UTRACXX,5,Replicate2_CellType2_Condition4,hg19,GAGTGG,Replicate2_CellType2_Condition4,N,PE,user,A
C0UTRACXX,5,Replicate2_CellType2_Condition6,hg19,ACTGAT,Replicate2_CellType2_Condition6,N,PE,user,A
C0UTRACXX,5,Replicate2_CellType2_Condition7,hg19,ATTCCT,Replicate2_CellType2_Condition7,N,PE,user,A
C0UTRACXX,5,Replicate2_CellType2_Condition5,hg19,CGATGT,Replicate2_CellType2_Condition5,N,PE,user,A
C0UTRACXX,5,Replicate2_CellType2_Condition2,hg19,TGACCA,Replicate2_CellType2_Condition2,N,PE,user,A
C0UTRACXX,5,Replicate3_CellType2_Condition1,hg19,ACAGTG,Replicate3_CellType2_Condition1,N,PE,user,A
C0UTRACXX,5,Replicate3_CellType2_Condition3,hg19,GCCAAT,Replicate3_CellType2_Condition3,N,PE,user,A
C0UTRACXX,5,Replicate3_CellType2_Condition4,hg19,CTTGTA,Replicate3_CellType2_Condition4,N,PE,user,A
C0UTRACXX,5,Replicate3_CellType2_Condition6,hg19,AGTCAA,Replicate3_CellType2_Condition6,N,PE,user,A
C0UTRACXX,5,Replicate3_CellType2_Condition7,hg19,AGTTCC,Replicate3_CellType2_Condition7,N,PE,user,A
C0UTRACXX,5,Replicate3_CellType2_Condition5,hg19,ATGTCA,Replicate3_CellType2_Condition5,N,PE,user,A
C0UTRACXX,5,Replicate3_CellType2_Condition2,hg19,CAGATC,Replicate3_CellType2_Condition2,N,PE,user,A
C0UTRACXX,5,Index_16,hg19,CCGTCC,Index_16,N,PE,user,A
C0UTRACXX,5,Index_18,hg19,GTCCGC,Index_18,N,PE,user,A
C0UTRACXX,5,Index_19,hg19,GTGAAA,Index_19,N,PE,user,A
C0UTRACXX,6,Replicate1_CellType1_Condition1,hg19,ATCACG,Replicate1_CellType1_Condition1,N,PE,user,A
C0UTRACXX,6,Replicate1_CellType1_Condition3,hg19,TTAGGC,Replicate1_CellType1_Condition3,N,PE,user,A
C0UTRACXX,6,Replicate1_CellType1_Condition4,hg19,ACTTGA,Replicate1_CellType1_Condition4,N,PE,user,A
C0UTRACXX,6,Replicate1_CellType1_Condition6,hg19,GATCAG,Replicate1_CellType1_Condition6,N,PE,user,A
C0UTRACXX,6,Replicate1_CellType1_Condition7,hg19,TAGCTT,Replicate1_CellType1_Condition7,N,PE,user,A
C0UTRACXX,6,Replicate1_CellType1_Condition5,hg19,GGCTAC,Replicate1_CellType1_Condition5,N,PE,user,A
C0UTRACXX,6,Replicate1_CellType1_Condition2,hg19,GTGGCC,Replicate1_CellType1_Condition2,N,PE,user,A
C0UTRACXX,6,Replicate2_CellType1_Condition1,hg19,GTTTCG,Replicate2_CellType1_Condition1,N,PE,user,A
C0UTRACXX,6,Replicate2_CellType1_Condition3,hg19,CGTACG,Replicate2_CellType1_Condition3,N,PE,user,A
C0UTRACXX,6,Replicate2_CellType1_Condition4,hg19,GAGTGG,Replicate2_CellType1_Condition4,N,PE,user,A
C0UTRACXX,6,Replicate2_CellType1_Condition6,hg19,ACTGAT,Replicate2_CellType1_Condition6,N,PE,user,A
C0UTRACXX,6,Replicate2_CellType1_Condition7,hg19,ATTCCT,Replicate2_CellType1_Condition7,N,PE,user,A
C0UTRACXX,6,Replicate2_CellType1_Condition5,hg19,CGATGT,Replicate2_CellType1_Condition5,N,PE,user,A
C0UTRACXX,6,Replicate2_CellType1_Condition2,hg19,TGACCA,Replicate2_CellType1_Condition2,N,PE,user,A
C0UTRACXX,6,Replicate3_CellType1_Condition1,hg19,ACAGTG,Replicate3_CellType1_Condition1,N,PE,user,A
C0UTRACXX,6,Replicate3_CellType1_Condition3,hg19,GCCAAT,Replicate3_CellType1_Condition3,N,PE,user,A
C0UTRACXX,6,Replicate3_CellType1_Condition4,hg19,CTTGTA,Replicate3_CellType1_Condition4,N,PE,user,A
C0UTRACXX,6,Replicate3_CellType1_Condition6,hg19,AGTCAA,Replicate3_CellType1_Condition6,N,PE,user,A
C0UTRACXX,6,Replicate3_CellType1_Condition7,hg19,AGTTCC,Replicate3_CellType1_Condition7,N,PE,user,A
C0UTRACXX,6,Replicate3_CellType1_Condition5,hg19,ATGTCA,Replicate3_CellType1_Condition5,N,PE,user,A
C0UTRACXX,6,Replicate3_CellType1_Condition2,hg19,CCGTCC,Replicate3_CellType1_Condition2,N,PE,user,A
C0UTRACXX,6,Index_7,hg19,CAGATC,Index_7,N,PE,user,A
C0UTRACXX,6,Index_18,hg19,GTCCGC,Index_18,N,PE,user,A
C0UTRACXX,6,Index_19,hg19,GTGAAA,Index_19,N,PE,user,A
C0UTRACXX,7,Replicate1_CellType2_Condition1,hg19,ATCACG,Replicate1_CellType2_Condition1,N,PE,user,A
C0UTRACXX,7,Replicate1_CellType2_Condition3,hg19,TTAGGC,Replicate1_CellType2_Condition3,N,PE,user,A
C0UTRACXX,7,Replicate1_CellType2_Condition4,hg19,ACTTGA,Replicate1_CellType2_Condition4,N,PE,user,A
C0UTRACXX,7,Replicate1_CellType2_Condition6,hg19,GATCAG,Replicate1_CellType2_Condition6,N,PE,user,A
C0UTRACXX,7,Replicate1_CellType2_Condition7,hg19,TAGCTT,Replicate1_CellType2_Condition7,N,PE,user,A
C0UTRACXX,7,Replicate1_CellType2_Condition5,hg19,GGCTAC,Replicate1_CellType2_Condition5,N,PE,user,A
C0UTRACXX,7,Replicate1_CellType2_Condition2,hg19,GTGGCC,Replicate1_CellType2_Condition2,N,PE,user,A
C0UTRACXX,7,Replicate2_CellType2_Condition1,hg19,GTTTCG,Replicate2_CellType2_Condition1,N,PE,user,A
C0UTRACXX,7,Replicate2_CellType2_Condition3,hg19,CGTACG,Replicate2_CellType2_Condition3,N,PE,user,A
C0UTRACXX,7,Replicate2_CellType2_Condition4,hg19,GAGTGG,Replicate2_CellType2_Condition4,N,PE,user,A
C0UTRACXX,7,Replicate2_CellType2_Condition6,hg19,ACTGAT,Replicate2_CellType2_Condition6,N,PE,user,A
C0UTRACXX,7,Replicate2_CellType2_Condition7,hg19,ATTCCT,Replicate2_CellType2_Condition7,N,PE,user,A
C0UTRACXX,7,Replicate2_CellType2_Condition5,hg19,CGATGT,Replicate2_CellType2_Condition5,N,PE,user,A
C0UTRACXX,7,Replicate2_CellType2_Condition2,hg19,TGACCA,Replicate2_CellType2_Condition2,N,PE,user,A
C0UTRACXX,7,Replicate3_CellType2_Condition1,hg19,ACAGTG,Replicate3_CellType2_Condition1,N,PE,user,A
C0UTRACXX,7,Replicate3_CellType2_Condition3,hg19,GCCAAT,Replicate3_CellType2_Condition3,N,PE,user,A
C0UTRACXX,7,Replicate3_CellType2_Condition4,hg19,CTTGTA,Replicate3_CellType2_Condition4,N,PE,user,A
C0UTRACXX,7,Replicate3_CellType2_Condition6,hg19,AGTCAA,Replicate3_CellType2_Condition6,N,PE,user,A
C0UTRACXX,7,Replicate3_CellType2_Condition7,hg19,AGTTCC,Replicate3_CellType2_Condition7,N,PE,user,A
C0UTRACXX,7,Replicate3_CellType2_Condition5,hg19,ATGTCA,Replicate3_CellType2_Condition5,N,PE,user,A
C0UTRACXX,7,Replicate3_CellType2_Condition2,hg19,CAGATC,Replicate3_CellType2_Condition2,N,PE,user,A
C0UTRACXX,7,Index_16,hg19,CCGTCC,Index_16,N,PE,user,A
C0UTRACXX,7,Index_18,hg19,GTCCGC,Index_18,N,PE,user,A
C0UTRACXX,7,Index_19,hg19,GTGAAA,Index_19,N,PE,user,A
C0UTRACXX,8,Replicate1_CellType1_Condition1,hg19,ATCACG,Replicate1_CellType1_Condition1,N,PE,user,A
C0UTRACXX,8,Replicate1_CellType1_Condition3,hg19,TTAGGC,Replicate1_CellType1_Condition3,N,PE,user,A
C0UTRACXX,8,Replicate1_CellType1_Condition4,hg19,ACTTGA,Replicate1_CellType1_Condition4,N,PE,user,A
C0UTRACXX,8,Replicate1_CellType1_Condition6,hg19,GATCAG,Replicate1_CellType1_Condition6,N,PE,user,A
C0UTRACXX,8,Replicate1_CellType1_Condition7,hg19,TAGCTT,Replicate1_CellType1_Condition7,N,PE,user,A
C0UTRACXX,8,Replicate1_CellType1_Condition5,hg19,GGCTAC,Replicate1_CellType1_Condition5,N,PE,user,A
C0UTRACXX,8,Replicate1_CellType1_Condition2,hg19,GTGGCC,Replicate1_CellType1_Condition2,N,PE,user,A
C0UTRACXX,8,Replicate2_CellType1_Condition1,hg19,GTTTCG,Replicate2_CellType1_Condition1,N,PE,user,A
C0UTRACXX,8,Replicate2_CellType1_Condition3,hg19,CGTACG,Replicate2_CellType1_Condition3,N,PE,user,A
C0UTRACXX,8,Replicate2_CellType1_Condition4,hg19,GAGTGG,Replicate2_CellType1_Condition4,N,PE,user,A
C0UTRACXX,8,Replicate2_CellType1_Condition6,hg19,ACTGAT,Replicate2_CellType1_Condition6,N,PE,user,A
C0UTRACXX,8,Replicate2_CellType1_Condition7,hg19,ATTCCT,Replicate2_CellType1_Condition7,N,PE,user,A
C0UTRACXX,8,Replicate2_CellType1_Condition5,hg19,CGATGT,Replicate2_CellType1_Condition5,N,PE,user,A
C0UTRACXX,8,Replicate2_CellType1_Condition2,hg19,TGACCA,Replicate2_CellType1_Condition2,N,PE,user,A
C0UTRACXX,8,Replicate3_CellType1_Condition1,hg19,ACAGTG,Replicate3_CellType1_Condition1,N,PE,user,A
C0UTRACXX,8,Replicate3_CellType1_Condition3,hg19,GCCAAT,Replicate3_CellType1_Condition3,N,PE,user,A
C0UTRACXX,8,Replicate3_CellType1_Condition4,hg19,CTTGTA,Replicate3_CellType1_Condition4,N,PE,user,A
C0UTRACXX,8,Replicate3_CellType1_Condition6,hg19,AGTCAA,Replicate3_CellType1_Condition6,N,PE,user,A
C0UTRACXX,8,Replicate3_CellType1_Condition7,hg19,AGTTCC,Replicate3_CellType1_Condition7,N,PE,user,A
C0UTRACXX,8,Replicate3_CellType1_Condition5,hg19,ATGTCA,Replicate3_CellType1_Condition5,N,PE,user,A
C0UTRACXX,8,Replicate3_CellType1_Condition2,hg19,CCGTCC,Replicate3_CellType1_Condition2,N,PE,user,A
C0UTRACXX,8,Index_7,hg19,CAGATC,Index_7,N,PE,user,A
C0UTRACXX,8,Index_18,hg19,GTCCGC,Index_18,N,PE,user,A
C0UTRACXX,8,Index_19,hg19,GTGAAA,Index_19,N,PE,user,A
